study,kind,metric,unit,nPF,nGA,nIdentityMatched,nDiagnostic,nCertified,missingPF,missingGA,invalid,ratingExcluded,methodExcluded,bias_diag,MAE_diag,RMSE_diag,P50_diag,P95_diag,P99_diag,maxAbs_diag,medianRelative_diag,status
SN3,bus,voltagePu,pu,4628,4077,4076,4076,0,44647,45198,0,0,4077,-0.018656511005132596,0.02188540252082904,0.03482428283843287,0.0220373491448147,0.04078119475508535,0.057243326656829074,0.953955692086723,0.02175628430169223,EXPLORATORY_DELTA_METHOD_UNVERIFIED
SN3,bus,voltageKv,kV,4628,4077,4077,4077,0,44647,45198,0,0,4077,-1.8795847017046807,2.0122044231353,3.1788276768783024,0.8827409059021534,7.001421585720834,11.38042880102995,20.988805367168197,0.021756284262280736,EXPLORATORY_DELTA_METHOD_UNVERIFIED
SN3,bus,angleDeg,deg,4628,4077,4077,4077,0,44647,45198,0,0,4077,1.4856947075446112,1.6240082945232135,3.1894856036810726,1.5298320019073324,2.572636075385601,3.0398442122514755,117.3166812067069,0.13807871348535672,EXPLORATORY_DELTA_METHOD_UNVERIFIED
SN3,line,pFromMw,MW,2289,2289,2280,2280,0,0,0,0,0,2289,0.16061952336824128,1.5875217532716217,4.8623691552082,0.44712135319879565,6.236124105030797,22.059555110337442,82.8278928320714,0.01402909956404314,EXPLORATORY_DELTA_METHOD_UNVERIFIED
SN3,line,qFromMvar,Mvar,2289,2289,2280,2280,0,0,0,0,0,2289,-0.0664575878914529,6.523278061415465,16.30465279453704,2.0094700980560836,29.914707302246995,71.77728188679214,220.23321678614275,0.2571786967099495,EXPLORATORY_DELTA_METHOD_UNVERIFIED
SN3,line,sFromMva,MVA,2289,2289,2280,2280,0,0,0,0,0,2289,-0.6770693765602147,2.701782204860929,8.26531511910598,0.6974348160518957,10.74651399510904,37.87627618304465,180.74062620253403,0.019354520626574466,EXPLORATORY_DELTA_METHOD_UNVERIFIED
SN3,line,pToMw,MW,2289,2289,2280,2280,0,0,0,0,0,2289,-0.15183628995747836,1.5839935117113015,4.844866743069455,0.44830579821324434,6.179812399813201,22.092926576400032,81.8143955215975,0.014023641977276066,EXPLORATORY_DELTA_METHOD_UNVERIFIED
SN3,line,qToMvar,Mvar,2289,2289,2280,2280,0,0,0,0,0,2289,0.5380881547013292,6.572943171300877,16.42591364301028,1.9874426726994034,30.329127759266854,71.51762848509807,221.55921651818565,0.28270760350044766,EXPLORATORY_DELTA_METHOD_UNVERIFIED
SN3,line,sToMva,MVA,2289,2289,2280,2280,0,0,0,0,0,2289,-0.7044399434039843,2.661494127866635,8.41325938023961,0.6812490713737418,10.951448105653569,38.154738389436886,181.99081155937628,0.018721717163259537,EXPLORATORY_DELTA_METHOD_UNVERIFIED
SN3,line,pHvMw,MW,0,0,0,0,0,2289,2289,0,0,0,null,null,null,null,null,null,null,null,NOT_MEASURED
SN3,line,qHvMvar,Mvar,0,0,0,0,0,2289,2289,0,0,0,null,null,null,null,null,null,null,null,NOT_MEASURED
SN3,line,sHvMva,MVA,0,0,0,0,0,2289,2289,0,0,0,null,null,null,null,null,null,null,null,NOT_MEASURED
SN3,line,pLvMw,MW,0,0,0,0,0,2289,2289,0,0,0,null,null,null,null,null,null,null,null,NOT_MEASURED
SN3,line,qLvMvar,Mvar,0,0,0,0,0,2289,2289,0,0,0,null,null,null,null,null,null,null,null,NOT_MEASURED
SN3,line,sLvMva,MVA,0,0,0,0,0,2289,2289,0,0,0,null,null,null,null,null,null,null,null,NOT_MEASURED
SN3,line,iFromA,A,2289,2289,2280,2280,0,0,0,0,0,2289,1.7677535355448015,7.467419284609014,22.374890722528225,3.216099993102617,24.495623661791967,60.31521178182885,723.435150208569,0.023036954528448526,EXPLORATORY_DELTA_METHOD_UNVERIFIED
SN3,line,iToA,A,2289,2289,2280,2280,0,0,0,0,0,2289,1.6665686715093324,7.361933474395218,22.43911828364117,3.115181439763834,23.7661538916704,64.19823511566237,723.2276428760443,0.023237597927512718,EXPLORATORY_DELTA_METHOD_UNVERIFIED
SN3,line,loadingPercent,%,2289,2280,2280,2280,0,0,9,0,0,2280,0.1378652096390626,0.7345780345744302,2.205676466160079,0.351864455309709,2.369241792440408,5.464193945507013,71.46892050551185,0.022968234430751855,EXPLORATORY_DELTA_METHOD_UNVERIFIED
SN3,line,pLossMw,MW,2289,2289,2280,2280,0,0,0,0,0,2289,0.008783233410763208,0.018729531570675504,0.07348323695390326,0.002046599668176441,0.0764803791296913,0.3487339317189093,1.5889386875127798,0.04628880315264916,EXPLORATORY_DELTA_METHOD_UNVERIFIED
SN3,line,qLossMvar,Mvar,2289,2289,2280,2280,0,0,0,0,0,2289,0.4716305668098773,0.5179084342317408,1.646762143912195,0.08661596885138323,3.0112823284706565,8.961561315917365,19.016198946994024,0.053868306029143546,EXPLORATORY_DELTA_METHOD_UNVERIFIED
SN3,transformer,pFromMw,MW,0,0,0,0,0,2851,2851,0,0,0,null,null,null,null,null,null,null,null,NOT_MEASURED
SN3,transformer,qFromMvar,Mvar,0,0,0,0,0,2851,2851,0,0,0,null,null,null,null,null,null,null,null,NOT_MEASURED
SN3,transformer,sFromMva,MVA,0,0,0,0,0,2851,2851,0,0,0,null,null,null,null,null,null,null,null,NOT_MEASURED
SN3,transformer,pToMw,MW,0,0,0,0,0,2851,2851,0,0,0,null,null,null,null,null,null,null,null,NOT_MEASURED
SN3,transformer,qToMvar,Mvar,0,0,0,0,0,2851,2851,0,0,0,null,null,null,null,null,null,null,null,NOT_MEASURED
SN3,transformer,sToMva,MVA,0,0,0,0,0,2851,2851,0,0,0,null,null,null,null,null,null,null,null,NOT_MEASURED
SN3,transformer,pHvMw,MW,2851,2851,2851,2851,0,0,0,0,0,2851,-0.1969243400024024,0.21340382686372072,0.5110547882409653,0.09810249171850316,0.8172880466482155,2.0101869721089827,10.154447138849477,0.006860536491450975,EXPLORATORY_DELTA_METHOD_UNVERIFIED
SN3,transformer,qHvMvar,Mvar,2851,2851,2851,2851,0,0,0,0,0,2851,-0.3424205941871382,2.668065048613379,12.926054780255683,0.02433415028996863,13.18375220847414,55.953105682069776,262.4183980857185,0.027918841727313796,EXPLORATORY_DELTA_METHOD_UNVERIFIED
SN3,transformer,sHvMva,MVA,2851,2851,2851,2851,0,0,0,0,0,2851,-0.36695508962827583,0.9790420446759829,7.108536832851292,0.14146700401801482,2.7876011965136147,14.110557899129702,240.43037867422055,0.007238931998646339,EXPLORATORY_DELTA_METHOD_UNVERIFIED
SN3,transformer,pLvMw,MW,2851,2851,2851,2851,0,0,0,0,0,2851,0.19397937846882388,0.21037685828189762,0.49467655816444783,0.09755773397240652,0.8160320602616196,1.973636750022564,10.164094134684248,0.00678357958809787,EXPLORATORY_DELTA_METHOD_UNVERIFIED
SN3,transformer,qLvMvar,Mvar,2851,2851,2851,2851,0,0,0,0,0,2851,0.1837128663209948,2.4346156517975728,11.129449206653293,2.8609416835578827e-8,12.999999999999982,52.92330911354119,199.38940542467896,0.021642819210094234,EXPLORATORY_DELTA_METHOD_UNVERIFIED
SN3,transformer,sLvMva,MVA,2851,2851,2851,2851,0,0,0,0,0,2851,-0.18795956362522168,0.7889388971657431,3.889792536411975,0.13876973111074875,2.808945761501775,11.776478307247373,92.39379466859529,0.007299800193077531,EXPLORATORY_DELTA_METHOD_UNVERIFIED
SN3,transformer,iFromA,A,0,0,0,0,0,2851,2851,0,0,0,null,null,null,null,null,null,null,null,NOT_MEASURED
SN3,transformer,iToA,A,0,0,0,0,0,2851,2851,0,0,0,null,null,null,null,null,null,null,null,NOT_MEASURED
SN3,transformer,loadingPercent,%,2851,2851,2851,967,0,0,0,0,0,2851,-2.673289011185141,3.8935075814677065,54.47405499904111,0.39557061184435227,4.607546899815873,13.593854835662079,1406.930511798998,0.021422024133077498,EXPLORATORY_DELTA_METHOD_UNVERIFIED
SN3,transformer,pLossMw,MW,2851,2851,2851,2851,0,0,0,0,0,2851,-0.002944961533578065,0.003592776518988214,0.1276883290290588,0.0008493580384687505,0.0034808838239079876,0.008774040841998954,6.816982376380177,0.022433007642533243,EXPLORATORY_DELTA_METHOD_UNVERIFIED
SN3,transformer,qLossMvar,Mvar,2851,2851,2851,2851,0,0,0,0,0,2851,-0.1587077278661425,0.3131126686313353,6.8646456761646935,0.016160437807276606,0.428534411145451,1.9558171712196994,288.4515627663524,0.031557822402021145,EXPLORATORY_DELTA_METHOD_UNVERIFIED
SN3,generator,pResultMw,MW,1965,1965,642,642,0,0,0,0,0,1965,4.861217828513706e-8,4.23058026413007e-7,0.0000013036966205932063,7.629394715991111e-8,0.0000018310546892053026,0.000005493164053405053,0.000013427734359083843,1.754459954308179e-8,EXPLORATORY_DELTA_METHOD_UNVERIFIED
SN3,generator,qResultMvar,Mvar,1965,1965,642,642,0,0,0,0,0,1965,-0.6650774316117052,7.872708983965979,22.736597272175736,7.1525575739972425e-9,49.17786228396186,98.43338895568746,199.38940542467856,0.4137926841128686,EXPLORATORY_DELTA_METHOD_UNVERIFIED
SN4,bus,voltagePu,pu,4644,4088,4087,4087,0,44254,44810,0,0,4088,-0.036142509680695274,0.03865948760348704,0.04906979248884655,0.035918843321810945,0.06677205868437752,0.07446327586942869,0.9609386414318465,0.03517320026411856,EXPLORATORY_DELTA_METHOD_UNVERIFIED
SN4,bus,voltageKv,kV,4644,4088,4088,4088,0,44254,44810,0,0,4088,-3.589141513753874,3.6619370992901485,5.7393112857539625,1.8008580355885115,10.66604989806359,23.905573099439096,28.888600762504893,0.03517270638832067,EXPLORATORY_DELTA_METHOD_UNVERIFIED
SN4,bus,angleDeg,deg,4644,4088,4088,4088,0,44254,44810,0,0,4088,-0.23835307823465335,2.011602721010214,3.5144220299603997,2.041567578847193,3.6189359890549824,4.071789566170715,122.34274046090181,0.08606620051627754,EXPLORATORY_DELTA_METHOD_UNVERIFIED
SN4,line,pFromMw,MW,2284,2284,2275,2275,0,0,0,0,0,2284,0.09752366297905027,1.1552976935886141,3.0694856678534244,0.35954714691680323,5.038388414301721,14.248235819266824,44.094178900461344,0.012095113695610744,EXPLORATORY_DELTA_METHOD_UNVERIFIED
SN4,line,qFromMvar,Mvar,2284,2284,2275,2275,0,0,0,0,0,2284,-0.0012917047737597475,8.191605757472512,18.72964768878281,2.622433088609071,38.22370037619808,79.83161565942308,229.6473721581503,0.3369485627146975,EXPLORATORY_DELTA_METHOD_UNVERIFIED
SN4,line,sFromMva,MVA,2284,2284,2275,2275,0,0,0,0,0,2284,-0.46452166942211487,2.5949906399985037,7.318108022778235,0.6778445545653966,12.051769409403246,28.863634715516525,182.61400507772328,0.020780785646261034,EXPLORATORY_DELTA_METHOD_UNVERIFIED
SN4,line,pToMw,MW,2284,2284,2275,2275,0,0,0,0,0,2284,-0.06483921375982382,1.1455756653406577,3.036932767831918,0.35710743561014624,4.924526022474481,14.572623932670467,43.3154580550503,0.012083179155808813,EXPLORATORY_DELTA_METHOD_UNVERIFIED
SN4,line,qToMvar,Mvar,2284,2284,2275,2275,0,0,0,0,0,2284,1.1082429720975062,8.448540829598853,19.444305586392037,2.6011612238796324,41.10605315731436,91.53293138701795,230.97335504600724,0.3739732273897012,EXPLORATORY_DELTA_METHOD_UNVERIFIED
SN4,line,sToMva,MVA,2284,2284,2275,2275,0,0,0,0,0,2284,-0.5701810590392578,2.5495548682539826,7.343817337606016,0.6523115381849252,11.32037297282102,31.22980585285714,183.86373981628134,0.019626422103455977,EXPLORATORY_DELTA_METHOD_UNVERIFIED
SN4,line,pHvMw,MW,0,0,0,0,0,2284,2284,0,0,0,null,null,null,null,null,null,null,null,NOT_MEASURED
SN4,line,qHvMvar,Mvar,0,0,0,0,0,2284,2284,0,0,0,null,null,null,null,null,null,null,null,NOT_MEASURED
SN4,line,sHvMva,MVA,0,0,0,0,0,2284,2284,0,0,0,null,null,null,null,null,null,null,null,NOT_MEASURED
SN4,line,pLvMw,MW,0,0,0,0,0,2284,2284,0,0,0,null,null,null,null,null,null,null,null,NOT_MEASURED
SN4,line,qLvMvar,Mvar,0,0,0,0,0,2284,2284,0,0,0,null,null,null,null,null,null,null,null,NOT_MEASURED
SN4,line,sLvMva,MVA,0,0,0,0,0,2284,2284,0,0,0,null,null,null,null,null,null,null,null,NOT_MEASURED
SN4,line,iFromA,A,2284,2284,2275,2275,0,0,0,0,0,2284,5.985385187286575,10.434209172215544,22.834651512697718,5.523839975970276,38.616688610504525,69.36202332188003,724.0008987683312,0.04629866751663833,EXPLORATORY_DELTA_METHOD_UNVERIFIED
SN4,line,iToA,A,2284,2284,2275,2275,0,0,0,0,0,2284,5.630086374998263,10.2075864994194,22.547623968283116,5.382677221494941,37.101750933908846,67.48868910503484,723.7510302364373,0.04507626178530222,EXPLORATORY_DELTA_METHOD_UNVERIFIED
SN4,line,loadingPercent,%,2284,2275,2275,2275,0,0,9,0,0,2275,0.48237660164299495,0.9863389434295151,2.1691556547421715,0.5763081432578634,3.0653628285936634,5.035154270859536,71.52481140213811,0.0450085537030953,EXPLORATORY_DELTA_METHOD_UNVERIFIED
SN4,line,pLossMw,MW,2284,2284,2275,2275,0,0,0,0,0,2284,0.032684449219226405,0.03771249840828739,0.16757613631139287,0.0034183317965030824,0.142593393084276,0.7441266333312342,2.756197415189831,0.09149076821891299,EXPLORATORY_DELTA_METHOD_UNVERIFIED
SN4,line,qLossMvar,Mvar,2284,2284,2275,2275,0,0,0,0,0,2284,1.106951267323748,1.1243033776680569,4.0082403016459995,0.160155281583793,6.121326795559085,19.62644877865793,47.72598313302569,0.10328765473530382,EXPLORATORY_DELTA_METHOD_UNVERIFIED
SN4,transformer,pFromMw,MW,0,0,0,0,0,2857,2857,0,0,0,null,null,null,null,null,null,null,null,NOT_MEASURED
SN4,transformer,qFromMvar,Mvar,0,0,0,0,0,2857,2857,0,0,0,null,null,null,null,null,null,null,null,NOT_MEASURED
SN4,transformer,sFromMva,MVA,0,0,0,0,0,2857,2857,0,0,0,null,null,null,null,null,null,null,null,NOT_MEASURED
SN4,transformer,pToMw,MW,0,0,0,0,0,2857,2857,0,0,0,null,null,null,null,null,null,null,null,NOT_MEASURED
SN4,transformer,qToMvar,Mvar,0,0,0,0,0,2857,2857,0,0,0,null,null,null,null,null,null,null,null,NOT_MEASURED
SN4,transformer,sToMva,MVA,0,0,0,0,0,2857,2857,0,0,0,null,null,null,null,null,null,null,null,NOT_MEASURED
SN4,transformer,pHvMw,MW,2857,2857,2857,2857,0,0,0,0,0,2857,-0.13402172836012147,0.15140597957748705,0.3480956872630962,0.07067499820967837,0.6206390588160366,1.4172896930556504,7.5779299488499685,0.0047708947309799245,EXPLORATORY_DELTA_METHOD_UNVERIFIED
SN4,transformer,qHvMvar,Mvar,2857,2857,2857,2857,0,0,0,0,0,2857,-0.7224348314761311,2.921260899935901,13.130225023208569,0.051010413740064875,13.161964024612052,69.6701406509781,267.5863412186254,0.05265837209593541,EXPLORATORY_DELTA_METHOD_UNVERIFIED
SN4,transformer,sHvMva,MVA,2857,2857,2857,2857,0,0,0,0,0,2857,-0.5260322924981885,0.8774277146906982,5.967415085805027,0.09916336311137641,3.0475397634381967,16.253808276003028,244.92762668168234,0.005137047063114923,EXPLORATORY_DELTA_METHOD_UNVERIFIED
SN4,transformer,pLvMw,MW,2857,2857,2857,2857,0,0,0,0,0,2857,0.1305315520626654,0.14789009737911393,0.31780868424823083,0.06941273019874217,0.6112766498643794,1.3947404585600083,4.211840981173756,0.004572087040429264,EXPLORATORY_DELTA_METHOD_UNVERIFIED
SN4,transformer,qLvMvar,Mvar,2857,2857,2857,2857,0,0,0,0,0,2857,0.6790299283748292,2.7344649504024123,11.916219654822028,2.384283170897561e-8,12.81811489552782,64.99999999998127,158.5249019272772,0.030115179250303454,EXPLORATORY_DELTA_METHOD_UNVERIFIED
SN4,transformer,sLvMva,MVA,2857,2857,2857,2857,0,0,0,0,0,2857,-0.34435879668487296,0.7360527909583471,3.2531124122073365,0.09818428588644679,3.038082450701898,13.108995739336947,73.36393094787282,0.004996479494508588,EXPLORATORY_DELTA_METHOD_UNVERIFIED
SN4,transformer,iFromA,A,0,0,0,0,0,2857,2857,0,0,0,null,null,null,null,null,null,null,null,NOT_MEASURED
SN4,transformer,iToA,A,0,0,0,0,0,2857,2857,0,0,0,null,null,null,null,null,null,null,null,NOT_MEASURED
SN4,transformer,loadingPercent,%,2857,2857,2857,979,0,0,0,0,0,2857,-2.0254438560568055,4.181939262286185,54.254924223750514,0.841507224953645,5.396233633068547,15.96262020604479,1486.468762590263,0.038877851568001956,EXPLORATORY_DELTA_METHOD_UNVERIFIED
SN4,transformer,pLossMw,MW,2857,2857,2857,2857,0,0,0,0,0,2857,-0.003490176297456208,0.004634732699044515,0.14180728818388463,0.0014043291655336729,0.0061964808801739935,0.01136215710366173,7.577884521845932,0.03982369091655759,EXPLORATORY_DELTA_METHOD_UNVERIFIED
SN4,transformer,qLossMvar,Mvar,2857,2857,2857,2857,0,0,0,0,0,2857,-0.04340490310130212,0.3233407052585495,5.749765262473694,0.030842934421861923,0.7308153255196359,2.504702981883611,291.5051146700669,0.059746598459308645,EXPLORATORY_DELTA_METHOD_UNVERIFIED
SN4,generator,pResultMw,MW,1944,1944,652,652,0,0,0,0,0,1944,5.0896555699069417e-8,4.917263036778398e-7,0.0000018040423164901972,7.629394715991111e-8,0.0000015258789147765128,0.000007324218728399501,0.000024414062522737368,1.665806592085421e-8,EXPLORATORY_DELTA_METHOD_UNVERIFIED
SN4,generator,qResultMvar,Mvar,1944,1944,652,652,0,0,0,0,0,1944,1.2807421695084087,9.012761459149559,24.172526423546724,1.1379068354244737e-8,59.92974104472046,111.17110413567941,158.52490194740267,0.5568582993850382,EXPLORATORY_DELTA_METHOD_UNVERIFIED
