analysis,kv,kind,metric,unit,matched,eligible,excludedPF,within,coverage,agreement,mae,p95,maximum,unmatched,reasons,method,tolerance
LF,400,bus,voltageKv,kV,231,245,4340,230,94.28571428571429,99.56709956709956,0.12938793944882757,0.5701511338248224,3.8878130774152737,14,"{""PF_NOT_NUMERIC_OR_NOT_RECORDED"": 4340, ""UNMATCHED_OR_AMBIGUOUS"": 14}",TANISAL / METOT DOĞRULANMADI,GA-ENGINEERING-1.0: |Δ| ≤ 0.5 kV + 0.5% × |PF|
LF,400,bus,voltagePu,pu,231,245,4340,231,94.28571428571429,100,0.00032346984862206536,0.0014253778345620916,0.009719532693538202,14,"{""PF_NOT_NUMERIC_OR_NOT_RECORDED"": 4340, ""UNMATCHED_OR_AMBIGUOUS"": 14}",TANISAL / METOT DOĞRULANMADI,GA-ENGINEERING-1.0: |Δ| ≤ 0.005 pu + 0.5% × |PF|
LF,400,line,pFromMw,MW,328,337,0,327,97.3293768545994,99.6951219512195,0.40638024531512124,1.297224834234072,2.743296631237911,9,"{""PowerFactory calculation-setting semantics are unavailable or raw enum-only; same named quantity; sign is GA minus PowerFactory"": 9}",TANISAL / METOT DOĞRULANMADI,GA-ENGINEERING-1.0: |Δ| ≤ 1 MW + 1% × |PF|
LF,400,line,pToMw,MW,328,337,0,327,97.3293768545994,99.6951219512195,0.40822472342065486,1.3022795297756886,2.736464884969223,9,"{""PowerFactory calculation-setting semantics are unavailable or raw enum-only; same named quantity; sign is GA minus PowerFactory"": 9}",TANISAL / METOT DOĞRULANMADI,GA-ENGINEERING-1.0: |Δ| ≤ 1 MW + 1% × |PF|
LF,400,line,qFromMvar,Mvar,328,337,0,251,97.3293768545994,76.52439024390245,1.797490198288313,9.244973086443803,37.39259418039002,9,"{""PowerFactory calculation-setting semantics are unavailable or raw enum-only; same named quantity; sign is GA minus PowerFactory"": 9}",TANISAL / METOT DOĞRULANMADI,GA-ENGINEERING-1.0: |Δ| ≤ 1 MVAr + 1% × |PF|
LF,400,line,qToMvar,Mvar,328,337,0,255,97.3293768545994,77.7439024390244,1.7916340351661495,8.914600423220435,36.338917518187884,9,"{""PowerFactory calculation-setting semantics are unavailable or raw enum-only; same named quantity; sign is GA minus PowerFactory"": 9}",TANISAL / METOT DOĞRULANMADI,GA-ENGINEERING-1.0: |Δ| ≤ 1 MVAr + 1% × |PF|
LF,400,line,sFromMva,MVA,328,337,0,311,97.3293768545994,94.8170731707317,0.6841212333243695,2.591434608183306,11.117095517956045,9,"{""PowerFactory calculation-setting semantics are unavailable or raw enum-only; same named quantity; sign is GA minus PowerFactory"": 9}",TANISAL / METOT DOĞRULANMADI,GA-ENGINEERING-1.0: |Δ| ≤ 1 MVA + 1% × |PF|
LF,400,line,sToMva,MVA,328,337,0,309,97.3293768545994,94.20731707317073,0.7550036163934433,2.852520353647435,17.85389216521699,9,"{""PowerFactory calculation-setting semantics are unavailable or raw enum-only; same named quantity; sign is GA minus PowerFactory"": 9}",TANISAL / METOT DOĞRULANMADI,GA-ENGINEERING-1.0: |Δ| ≤ 1 MVA + 1% × |PF|
LF,400,transformer,pHvMw,MW,577,577,0,574,100,99.48006932409012,0.07790023378890326,0.3332790221482185,1.895973849847806,0,{},TANISAL / METOT DOĞRULANMADI,GA-ENGINEERING-1.0: |Δ| ≤ 1 MW + 1% × |PF|
LF,400,transformer,pLvMw,MW,577,577,0,574,100,99.48006932409012,0.07774201670176482,0.3341351473983565,1.8982508961955205,0,{},TANISAL / METOT DOĞRULANMADI,GA-ENGINEERING-1.0: |Δ| ≤ 1 MW + 1% × |PF|
LF,400,transformer,qHvMvar,Mvar,577,577,0,510,100,88.38821490467937,1.0710498857209418,5.281694259102856,66.24253603795997,0,{},TANISAL / METOT DOĞRULANMADI,GA-ENGINEERING-1.0: |Δ| ≤ 1 MVAr + 1% × |PF|
LF,400,transformer,qLvMvar,Mvar,577,577,0,510,100,88.38821490467937,1.0524967472833444,5.214766823409175,65.82960241186146,0,{},TANISAL / METOT DOĞRULANMADI,GA-ENGINEERING-1.0: |Δ| ≤ 1 MVAr + 1% × |PF|
LF,400,transformer,sHvMva,MVA,577,577,0,552,100,95.66724436741768,0.39827416582216785,1.5624296748168973,23.79778525155963,0,{},TANISAL / METOT DOĞRULANMADI,GA-ENGINEERING-1.0: |Δ| ≤ 1 MVA + 1% × |PF|
LF,400,transformer,sLvMva,MVA,577,577,0,552,100,95.66724436741768,0.3756419462412317,1.4250322424520476,23.350273817372695,0,{},TANISAL / METOT DOĞRULANMADI,GA-ENGINEERING-1.0: |Δ| ≤ 1 MVA + 1% × |PF|
LF,220,bus,voltageKv,kV,0,0,0,0,,,,,,0,"{""NO_PF_METRIC_DATA"": 1}",HESAPLANAMAZ / NO_PF_METRIC_DATA,GA-ENGINEERING-1.0
LF,220,bus,voltagePu,pu,0,0,0,0,,,,,,0,"{""NO_PF_METRIC_DATA"": 1}",HESAPLANAMAZ / NO_PF_METRIC_DATA,GA-ENGINEERING-1.0
LF,220,line,pFromMw,MW,0,0,0,0,,,,,,0,"{""NO_PF_METRIC_DATA"": 1}",HESAPLANAMAZ / NO_PF_METRIC_DATA,GA-ENGINEERING-1.0
LF,220,line,pToMw,MW,0,0,0,0,,,,,,0,"{""NO_PF_METRIC_DATA"": 1}",HESAPLANAMAZ / NO_PF_METRIC_DATA,GA-ENGINEERING-1.0
LF,220,line,qFromMvar,Mvar,0,0,0,0,,,,,,0,"{""NO_PF_METRIC_DATA"": 1}",HESAPLANAMAZ / NO_PF_METRIC_DATA,GA-ENGINEERING-1.0
LF,220,line,qToMvar,Mvar,0,0,0,0,,,,,,0,"{""NO_PF_METRIC_DATA"": 1}",HESAPLANAMAZ / NO_PF_METRIC_DATA,GA-ENGINEERING-1.0
LF,220,line,sFromMva,MVA,0,0,0,0,,,,,,0,"{""NO_PF_METRIC_DATA"": 1}",HESAPLANAMAZ / NO_PF_METRIC_DATA,GA-ENGINEERING-1.0
LF,220,line,sToMva,MVA,0,0,0,0,,,,,,0,"{""NO_PF_METRIC_DATA"": 1}",HESAPLANAMAZ / NO_PF_METRIC_DATA,GA-ENGINEERING-1.0
LF,220,transformer,pHvMw,MW,0,0,0,0,,,,,,0,"{""NO_PF_METRIC_DATA"": 1}",HESAPLANAMAZ / NO_PF_METRIC_DATA,GA-ENGINEERING-1.0
LF,220,transformer,pLvMw,MW,0,0,0,0,,,,,,0,"{""NO_PF_METRIC_DATA"": 1}",HESAPLANAMAZ / NO_PF_METRIC_DATA,GA-ENGINEERING-1.0
LF,220,transformer,qHvMvar,Mvar,0,0,0,0,,,,,,0,"{""NO_PF_METRIC_DATA"": 1}",HESAPLANAMAZ / NO_PF_METRIC_DATA,GA-ENGINEERING-1.0
LF,220,transformer,qLvMvar,Mvar,0,0,0,0,,,,,,0,"{""NO_PF_METRIC_DATA"": 1}",HESAPLANAMAZ / NO_PF_METRIC_DATA,GA-ENGINEERING-1.0
LF,220,transformer,sHvMva,MVA,0,0,0,0,,,,,,0,"{""NO_PF_METRIC_DATA"": 1}",HESAPLANAMAZ / NO_PF_METRIC_DATA,GA-ENGINEERING-1.0
LF,220,transformer,sLvMva,MVA,0,0,0,0,,,,,,0,"{""NO_PF_METRIC_DATA"": 1}",HESAPLANAMAZ / NO_PF_METRIC_DATA,GA-ENGINEERING-1.0
LF,154,bus,voltageKv,kV,1483,1530,20310,1423,96.9281045751634,95.95414699932569,0.2911563184678974,0.8591170132943091,12.734604142852504,47,"{""PF_NOT_NUMERIC_OR_NOT_RECORDED"": 20310, ""UNMATCHED_OR_AMBIGUOUS"": 47}",TANISAL / METOT DOĞRULANMADI,GA-ENGINEERING-1.0: |Δ| ≤ 0.5 kV + 0.5% × |PF|
LF,154,bus,voltagePu,pu,1483,1530,20310,1424,96.9281045751634,96.02157788267026,0.0018906254445967387,0.005578681904508498,0.08269223469384746,47,"{""PF_NOT_NUMERIC_OR_NOT_RECORDED"": 20310, ""UNMATCHED_OR_AMBIGUOUS"": 47}",TANISAL / METOT DOĞRULANMADI,GA-ENGINEERING-1.0: |Δ| ≤ 0.005 pu + 0.5% × |PF|
LF,154,line,pFromMw,MW,1944,1944,0,1908,100,98.14814814814815,0.1335794579953571,0.5231300660054536,7.7155359481836,0,{},TANISAL / METOT DOĞRULANMADI,GA-ENGINEERING-1.0: |Δ| ≤ 1 MW + 1% × |PF|
LF,154,line,pToMw,MW,1944,1944,0,1911,100,98.30246913580247,0.1337778999877984,0.5402198190257081,7.920188804678389,0,{},TANISAL / METOT DOĞRULANMADI,GA-ENGINEERING-1.0: |Δ| ≤ 1 MW + 1% × |PF|
LF,154,line,qFromMvar,Mvar,1944,1944,0,1781,100,91.61522633744856,1.1635549434966916,3.7982343516162302,243.18438013666673,0,{},TANISAL / METOT DOĞRULANMADI,GA-ENGINEERING-1.0: |Δ| ≤ 1 MVAr + 1% × |PF|
LF,154,line,qToMvar,Mvar,1944,1944,0,1776,100,91.35802469135803,1.1660960002736058,3.8307179048989504,244.52688814630326,0,{},TANISAL / METOT DOĞRULANMADI,GA-ENGINEERING-1.0: |Δ| ≤ 1 MVAr + 1% × |PF|
LF,154,line,sFromMva,MVA,1944,1944,0,1867,100,96.03909465020575,0.48031849151153594,1.0029952986420057,183.73547889468745,0,{},TANISAL / METOT DOĞRULANMADI,GA-ENGINEERING-1.0: |Δ| ≤ 1 MVA + 1% × |PF|
LF,154,line,sToMva,MVA,1944,1944,0,1864,100,95.88477366255144,0.4806549597865187,1.0051299290435622,184.98490980200177,0,{},TANISAL / METOT DOĞRULANMADI,GA-ENGINEERING-1.0: |Δ| ≤ 1 MVA + 1% × |PF|
LF,154,transformer,pHvMw,MW,2268,2268,0,2267,100,99.95590828924162,0.018330924824294954,0.04511149467096587,6.813217143294626,0,{},TANISAL / METOT DOĞRULANMADI,GA-ENGINEERING-1.0: |Δ| ≤ 1 MW + 1% × |PF|
LF,154,transformer,pLvMw,MW,2268,2268,0,2268,100,100,0.015252734251385944,0.04510462871320087,0.392382525490369,0,{},TANISAL / METOT DOĞRULANMADI,GA-ENGINEERING-1.0: |Δ| ≤ 1 MW + 1% × |PF|
LF,154,transformer,qHvMvar,Mvar,2268,2268,0,2237,100,98.6331569664903,0.3710667272301071,0.05896452645108674,244.13007927383785,0,{},TANISAL / METOT DOĞRULANMADI,GA-ENGINEERING-1.0: |Δ| ≤ 1 MVAr + 1% × |PF|
LF,154,transformer,qLvMvar,Mvar,2268,2268,0,2238,100,98.67724867724868,0.1709969832439089,0.03825506091762598,47.10408664266802,0,{},TANISAL / METOT DOĞRULANMADI,GA-ENGINEERING-1.0: |Δ| ≤ 1 MVAr + 1% × |PF|
LF,154,transformer,sHvMva,MVA,2268,2268,0,2252,100,99.29453262786596,0.26304157811518636,0.06388907834331192,232.3894235394285,0,{},TANISAL / METOT DOĞRULANMADI,GA-ENGINEERING-1.0: |Δ| ≤ 1 MVA + 1% × |PF|
LF,154,transformer,sLvMva,MVA,2268,2268,0,2252,100,99.29453262786596,0.0531216285704184,0.06347020744382981,12.132880742722381,0,{},TANISAL / METOT DOĞRULANMADI,GA-ENGINEERING-1.0: |Δ| ≤ 1 MVA + 1% × |PF|
LF,66,bus,voltageKv,kV,14,15,81,14,93.33333333333333,100,0.012608529237359636,0.0646483296450242,0.0646483296450242,1,"{""PF_NOT_NUMERIC_OR_NOT_RECORDED"": 81, ""UNMATCHED_OR_AMBIGUOUS"": 1}",TANISAL / METOT DOĞRULANMADI,GA-ENGINEERING-1.0: |Δ| ≤ 0.5 kV + 0.5% × |PF|
LF,66,bus,voltagePu,pu,14,15,81,14,93.33333333333333,100,0.0001910383217781602,0.0009795201461366698,0.0009795201461366698,1,"{""PF_NOT_NUMERIC_OR_NOT_RECORDED"": 81, ""UNMATCHED_OR_AMBIGUOUS"": 1}",TANISAL / METOT DOĞRULANMADI,GA-ENGINEERING-1.0: |Δ| ≤ 0.005 pu + 0.5% × |PF|
LF,66,line,pFromMw,MW,8,8,0,8,100,100,0.0005363847208432946,0.002132626810792626,0.002132626810792626,0,{},TANISAL / METOT DOĞRULANMADI,GA-ENGINEERING-1.0: |Δ| ≤ 1 MW + 1% × |PF|
LF,66,line,pToMw,MW,8,8,0,8,100,100,0.0005339260587275683,0.0021356719441913974,0.0021356719441913974,0,{},TANISAL / METOT DOĞRULANMADI,GA-ENGINEERING-1.0: |Δ| ≤ 1 MW + 1% × |PF|
LF,66,line,qFromMvar,Mvar,8,8,0,8,100,100,9.520780370617706e-05,0.0001971742116594899,0.0001971742116594899,0,{},TANISAL / METOT DOĞRULANMADI,GA-ENGINEERING-1.0: |Δ| ≤ 1 MVAr + 1% × |PF|
LF,66,line,qToMvar,Mvar,8,8,0,8,100,100,4.7937322837236984e-05,0.000191750729635759,0.000191750729635759,0,{},TANISAL / METOT DOĞRULANMADI,GA-ENGINEERING-1.0: |Δ| ≤ 1 MVAr + 1% × |PF|
LF,66,line,sFromMva,MVA,8,8,0,8,100,100,0.0005632109012594375,0.0021239880478969297,0.0021239880478969297,0,{},TANISAL / METOT DOĞRULANMADI,GA-ENGINEERING-1.0: |Δ| ≤ 1 MVA + 1% × |PF|
LF,66,line,sToMva,MVA,8,8,0,8,100,100,0.0005328899677360186,0.002131530447162522,0.002131530447162522,0,{},TANISAL / METOT DOĞRULANMADI,GA-ENGINEERING-1.0: |Δ| ≤ 1 MVA + 1% × |PF|
LF,66,transformer,pHvMw,MW,6,6,0,6,100,100,0.0007500100900719175,0.0015449154974205292,0.0015449154974205292,0,{},TANISAL / METOT DOĞRULANMADI,GA-ENGINEERING-1.0: |Δ| ≤ 1 MW + 1% × |PF|
LF,66,transformer,pLvMw,MW,6,6,0,6,100,100,0.000745312757977438,0.001530927161367046,0.001530927161367046,0,{},TANISAL / METOT DOĞRULANMADI,GA-ENGINEERING-1.0: |Δ| ≤ 1 MW + 1% × |PF|
LF,66,transformer,qHvMvar,Mvar,6,6,0,6,100,100,0.0024231762553771513,0.004892211744556008,0.004892211744556008,0,{},TANISAL / METOT DOĞRULANMADI,GA-ENGINEERING-1.0: |Δ| ≤ 1 MVAr + 1% × |PF|
LF,66,transformer,qLvMvar,Mvar,6,6,0,6,100,100,0.002310321870827732,0.004816600985459107,0.004816600985459107,0,{},TANISAL / METOT DOĞRULANMADI,GA-ENGINEERING-1.0: |Δ| ≤ 1 MVAr + 1% × |PF|
LF,66,transformer,sHvMva,MVA,6,6,0,6,100,100,0.0010710569664766911,0.0015374513576551507,0.0015374513576551507,0,{},TANISAL / METOT DOĞRULANMADI,GA-ENGINEERING-1.0: |Δ| ≤ 1 MVA + 1% × |PF|
LF,66,transformer,sLvMva,MVA,6,6,0,6,100,100,0.0009141219124770839,0.001530927161367046,0.001530927161367046,0,{},TANISAL / METOT DOĞRULANMADI,GA-ENGINEERING-1.0: |Δ| ≤ 1 MVA + 1% × |PF|
N1,400,bus,postVoltagePu,pu,0,0,0,0,,,,,,0,"{""NO_PF_METRIC_DATA"": 1}",HESAPLANAMAZ / NO_PF_METRIC_DATA,GA-ENGINEERING-1.0
N1,400,line,postLoadingPercent,%,0,0,0,0,,,,,,0,"{""NO_PF_METRIC_DATA"": 1}",HESAPLANAMAZ / NO_PF_METRIC_DATA,GA-ENGINEERING-1.0
N1,400,line,postMva,MVA,0,0,0,0,,,,,,0,"{""NO_PF_METRIC_DATA"": 1}",HESAPLANAMAZ / NO_PF_METRIC_DATA,GA-ENGINEERING-1.0
N1,400,line,postPmw,MW,0,0,0,0,,,,,,0,"{""NO_PF_METRIC_DATA"": 1}",HESAPLANAMAZ / NO_PF_METRIC_DATA,GA-ENGINEERING-1.0
N1,400,line,postQmvar,Mvar,0,0,0,0,,,,,,0,"{""NO_PF_METRIC_DATA"": 1}",HESAPLANAMAZ / NO_PF_METRIC_DATA,GA-ENGINEERING-1.0
N1,400,transformer,postLoadingPercent,%,0,0,0,0,,,,,,0,"{""NO_PF_METRIC_DATA"": 1}",HESAPLANAMAZ / NO_PF_METRIC_DATA,GA-ENGINEERING-1.0
N1,400,transformer,postMva,MVA,0,0,0,0,,,,,,0,"{""NO_PF_METRIC_DATA"": 1}",HESAPLANAMAZ / NO_PF_METRIC_DATA,GA-ENGINEERING-1.0
N1,400,transformer,postPmw,MW,0,0,0,0,,,,,,0,"{""NO_PF_METRIC_DATA"": 1}",HESAPLANAMAZ / NO_PF_METRIC_DATA,GA-ENGINEERING-1.0
N1,400,transformer,postQmvar,Mvar,0,0,0,0,,,,,,0,"{""NO_PF_METRIC_DATA"": 1}",HESAPLANAMAZ / NO_PF_METRIC_DATA,GA-ENGINEERING-1.0
N1,220,bus,postVoltagePu,pu,0,0,0,0,,,,,,0,"{""NO_PF_METRIC_DATA"": 1}",HESAPLANAMAZ / NO_PF_METRIC_DATA,GA-ENGINEERING-1.0
N1,220,line,postLoadingPercent,%,0,0,0,0,,,,,,0,"{""NO_PF_METRIC_DATA"": 1}",HESAPLANAMAZ / NO_PF_METRIC_DATA,GA-ENGINEERING-1.0
N1,220,line,postMva,MVA,0,0,0,0,,,,,,0,"{""NO_PF_METRIC_DATA"": 1}",HESAPLANAMAZ / NO_PF_METRIC_DATA,GA-ENGINEERING-1.0
N1,220,line,postPmw,MW,0,0,0,0,,,,,,0,"{""NO_PF_METRIC_DATA"": 1}",HESAPLANAMAZ / NO_PF_METRIC_DATA,GA-ENGINEERING-1.0
N1,220,line,postQmvar,Mvar,0,0,0,0,,,,,,0,"{""NO_PF_METRIC_DATA"": 1}",HESAPLANAMAZ / NO_PF_METRIC_DATA,GA-ENGINEERING-1.0
N1,220,transformer,postLoadingPercent,%,0,0,0,0,,,,,,0,"{""NO_PF_METRIC_DATA"": 1}",HESAPLANAMAZ / NO_PF_METRIC_DATA,GA-ENGINEERING-1.0
N1,220,transformer,postMva,MVA,0,0,0,0,,,,,,0,"{""NO_PF_METRIC_DATA"": 1}",HESAPLANAMAZ / NO_PF_METRIC_DATA,GA-ENGINEERING-1.0
N1,220,transformer,postPmw,MW,0,0,0,0,,,,,,0,"{""NO_PF_METRIC_DATA"": 1}",HESAPLANAMAZ / NO_PF_METRIC_DATA,GA-ENGINEERING-1.0
N1,220,transformer,postQmvar,Mvar,0,0,0,0,,,,,,0,"{""NO_PF_METRIC_DATA"": 1}",HESAPLANAMAZ / NO_PF_METRIC_DATA,GA-ENGINEERING-1.0
N1,154,,postLoadingPercent,%,0,17,0,0,0,,,,,17,"{""PF_POST_CASE_METHOD_UNVERIFIED"": 17}",HESAPLANAMAZ / PF POST YOK,HESAPLANAMAZ
N1,154,,postMva,MVA,0,0,17,0,,,,,,0,"{""PF_NOT_NUMERIC_OR_NOT_RECORDED"": 17}",HESAPLANAMAZ / PF POST YOK,GA-ENGINEERING-1.0: |Δ| ≤ 1 MVA + 1% × |PF|
N1,154,,postPmw,MW,0,0,17,0,,,,,,0,"{""PF_NOT_NUMERIC_OR_NOT_RECORDED"": 17}",HESAPLANAMAZ / PF POST YOK,GA-ENGINEERING-1.0: |Δ| ≤ 1 MW + 1% × |PF|
N1,154,,postQmvar,Mvar,0,0,17,0,,,,,,0,"{""PF_NOT_NUMERIC_OR_NOT_RECORDED"": 17}",HESAPLANAMAZ / PF POST YOK,GA-ENGINEERING-1.0: |Δ| ≤ 1 MVAr + 1% × |PF|
N1,154,,postVoltagePu,pu,0,0,17,0,,,,,,0,"{""PF_NOT_NUMERIC_OR_NOT_RECORDED"": 17}",HESAPLANAMAZ / PF POST YOK,GA-ENGINEERING-1.0: |Δ| ≤ 0.005 pu + 0.5% × |PF|
N1,154,bus,postVoltagePu,pu,0,0,0,0,,,,,,0,"{""NO_PF_METRIC_DATA"": 1}",HESAPLANAMAZ / NO_PF_METRIC_DATA,GA-ENGINEERING-1.0
N1,154,line,postLoadingPercent,%,0,0,0,0,,,,,,0,"{""NO_PF_METRIC_DATA"": 1}",HESAPLANAMAZ / NO_PF_METRIC_DATA,GA-ENGINEERING-1.0
N1,154,line,postMva,MVA,0,0,0,0,,,,,,0,"{""NO_PF_METRIC_DATA"": 1}",HESAPLANAMAZ / NO_PF_METRIC_DATA,GA-ENGINEERING-1.0
N1,154,line,postPmw,MW,0,0,0,0,,,,,,0,"{""NO_PF_METRIC_DATA"": 1}",HESAPLANAMAZ / NO_PF_METRIC_DATA,GA-ENGINEERING-1.0
N1,154,line,postQmvar,Mvar,0,0,0,0,,,,,,0,"{""NO_PF_METRIC_DATA"": 1}",HESAPLANAMAZ / NO_PF_METRIC_DATA,GA-ENGINEERING-1.0
N1,154,transformer,postLoadingPercent,%,0,0,0,0,,,,,,0,"{""NO_PF_METRIC_DATA"": 1}",HESAPLANAMAZ / NO_PF_METRIC_DATA,GA-ENGINEERING-1.0
N1,154,transformer,postMva,MVA,0,0,0,0,,,,,,0,"{""NO_PF_METRIC_DATA"": 1}",HESAPLANAMAZ / NO_PF_METRIC_DATA,GA-ENGINEERING-1.0
N1,154,transformer,postPmw,MW,0,0,0,0,,,,,,0,"{""NO_PF_METRIC_DATA"": 1}",HESAPLANAMAZ / NO_PF_METRIC_DATA,GA-ENGINEERING-1.0
N1,154,transformer,postQmvar,Mvar,0,0,0,0,,,,,,0,"{""NO_PF_METRIC_DATA"": 1}",HESAPLANAMAZ / NO_PF_METRIC_DATA,GA-ENGINEERING-1.0
N1,66,bus,postVoltagePu,pu,0,0,0,0,,,,,,0,"{""NO_PF_METRIC_DATA"": 1}",HESAPLANAMAZ / NO_PF_METRIC_DATA,GA-ENGINEERING-1.0
N1,66,line,postLoadingPercent,%,0,0,0,0,,,,,,0,"{""NO_PF_METRIC_DATA"": 1}",HESAPLANAMAZ / NO_PF_METRIC_DATA,GA-ENGINEERING-1.0
N1,66,line,postMva,MVA,0,0,0,0,,,,,,0,"{""NO_PF_METRIC_DATA"": 1}",HESAPLANAMAZ / NO_PF_METRIC_DATA,GA-ENGINEERING-1.0
N1,66,line,postPmw,MW,0,0,0,0,,,,,,0,"{""NO_PF_METRIC_DATA"": 1}",HESAPLANAMAZ / NO_PF_METRIC_DATA,GA-ENGINEERING-1.0
N1,66,line,postQmvar,Mvar,0,0,0,0,,,,,,0,"{""NO_PF_METRIC_DATA"": 1}",HESAPLANAMAZ / NO_PF_METRIC_DATA,GA-ENGINEERING-1.0
N1,66,transformer,postLoadingPercent,%,0,0,0,0,,,,,,0,"{""NO_PF_METRIC_DATA"": 1}",HESAPLANAMAZ / NO_PF_METRIC_DATA,GA-ENGINEERING-1.0
N1,66,transformer,postMva,MVA,0,0,0,0,,,,,,0,"{""NO_PF_METRIC_DATA"": 1}",HESAPLANAMAZ / NO_PF_METRIC_DATA,GA-ENGINEERING-1.0
N1,66,transformer,postPmw,MW,0,0,0,0,,,,,,0,"{""NO_PF_METRIC_DATA"": 1}",HESAPLANAMAZ / NO_PF_METRIC_DATA,GA-ENGINEERING-1.0
N1,66,transformer,postQmvar,Mvar,0,0,0,0,,,,,,0,"{""NO_PF_METRIC_DATA"": 1}",HESAPLANAMAZ / NO_PF_METRIC_DATA,GA-ENGINEERING-1.0
SC,400,,ibKa,kA,0,372,0,0,0,,,,,372,"{""IEC_PARTITION_METHOD_UNVERIFIED"": 372}",HESAPLANAMAZ / IEC-PARTITION,HESAPLANAMAZ
SC,400,,ikssKa,kA,0,372,0,0,0,,,,,372,"{""IEC_PARTITION_METHOD_UNVERIFIED"": 372}",HESAPLANAMAZ / IEC-PARTITION,HESAPLANAMAZ
SC,400,,ipKa,kA,0,372,0,0,0,,,,,372,"{""IEC_PARTITION_METHOD_UNVERIFIED"": 372}",HESAPLANAMAZ / IEC-PARTITION,HESAPLANAMAZ
SC,400,,ithKa,kA,0,372,0,0,0,,,,,372,"{""IEC_PARTITION_METHOD_UNVERIFIED"": 372}",HESAPLANAMAZ / IEC-PARTITION,HESAPLANAMAZ
SC,400,,skssMva,MVA,0,372,0,0,0,,,,,372,"{""IEC_PARTITION_METHOD_UNVERIFIED"": 372}",HESAPLANAMAZ / IEC-PARTITION,GA-ENGINEERING-1.0: |Δ| ≤ 1 MVA + 1% × |PF|
SC,400,bus,ikssKa,kA,0,0,0,0,,,,,,0,"{""NO_PF_METRIC_DATA"": 1}",HESAPLANAMAZ / NO_PF_METRIC_DATA,GA-ENGINEERING-1.0
SC,400,bus,skssMva,MVA,0,0,0,0,,,,,,0,"{""NO_PF_METRIC_DATA"": 1}",HESAPLANAMAZ / NO_PF_METRIC_DATA,GA-ENGINEERING-1.0
SC,220,bus,ikssKa,kA,0,0,0,0,,,,,,0,"{""NO_PF_METRIC_DATA"": 1}",HESAPLANAMAZ / NO_PF_METRIC_DATA,GA-ENGINEERING-1.0
SC,220,bus,skssMva,MVA,0,0,0,0,,,,,,0,"{""NO_PF_METRIC_DATA"": 1}",HESAPLANAMAZ / NO_PF_METRIC_DATA,GA-ENGINEERING-1.0
SC,154,,ibKa,kA,0,1856,0,0,0,,,,,1856,"{""IEC_PARTITION_METHOD_UNVERIFIED"": 1856}",HESAPLANAMAZ / IEC-PARTITION,HESAPLANAMAZ
SC,154,,ikssKa,kA,0,1856,0,0,0,,,,,1856,"{""IEC_PARTITION_METHOD_UNVERIFIED"": 1856}",HESAPLANAMAZ / IEC-PARTITION,HESAPLANAMAZ
SC,154,,ipKa,kA,0,1856,0,0,0,,,,,1856,"{""IEC_PARTITION_METHOD_UNVERIFIED"": 1856}",HESAPLANAMAZ / IEC-PARTITION,HESAPLANAMAZ
SC,154,,ithKa,kA,0,1856,0,0,0,,,,,1856,"{""IEC_PARTITION_METHOD_UNVERIFIED"": 1856}",HESAPLANAMAZ / IEC-PARTITION,HESAPLANAMAZ
SC,154,,skssMva,MVA,0,1856,0,0,0,,,,,1856,"{""IEC_PARTITION_METHOD_UNVERIFIED"": 1856}",HESAPLANAMAZ / IEC-PARTITION,GA-ENGINEERING-1.0: |Δ| ≤ 1 MVA + 1% × |PF|
SC,154,bus,ikssKa,kA,0,0,0,0,,,,,,0,"{""NO_PF_METRIC_DATA"": 1}",HESAPLANAMAZ / NO_PF_METRIC_DATA,GA-ENGINEERING-1.0
SC,154,bus,skssMva,MVA,0,0,0,0,,,,,,0,"{""NO_PF_METRIC_DATA"": 1}",HESAPLANAMAZ / NO_PF_METRIC_DATA,GA-ENGINEERING-1.0
SC,66,,ibKa,kA,0,11,0,0,0,,,,,11,"{""IEC_PARTITION_METHOD_UNVERIFIED"": 11}",HESAPLANAMAZ / IEC-PARTITION,HESAPLANAMAZ
SC,66,,ikssKa,kA,0,11,0,0,0,,,,,11,"{""IEC_PARTITION_METHOD_UNVERIFIED"": 11}",HESAPLANAMAZ / IEC-PARTITION,HESAPLANAMAZ
SC,66,,ipKa,kA,0,11,0,0,0,,,,,11,"{""IEC_PARTITION_METHOD_UNVERIFIED"": 11}",HESAPLANAMAZ / IEC-PARTITION,HESAPLANAMAZ
SC,66,,ithKa,kA,0,11,0,0,0,,,,,11,"{""IEC_PARTITION_METHOD_UNVERIFIED"": 11}",HESAPLANAMAZ / IEC-PARTITION,HESAPLANAMAZ
SC,66,,skssMva,MVA,0,11,0,0,0,,,,,11,"{""IEC_PARTITION_METHOD_UNVERIFIED"": 11}",HESAPLANAMAZ / IEC-PARTITION,GA-ENGINEERING-1.0: |Δ| ≤ 1 MVA + 1% × |PF|
SC,66,bus,ikssKa,kA,0,0,0,0,,,,,,0,"{""NO_PF_METRIC_DATA"": 1}",HESAPLANAMAZ / NO_PF_METRIC_DATA,GA-ENGINEERING-1.0
SC,66,bus,skssMva,MVA,0,0,0,0,,,,,,0,"{""NO_PF_METRIC_DATA"": 1}",HESAPLANAMAZ / NO_PF_METRIC_DATA,GA-ENGINEERING-1.0
